"","baseMean","log2FoldChange","lfcSE","stat","pvalue","padj","GeneID"
"51666",44.1013328949261,2.75002872039267,0.375959810668167,7.31468801280975,1.62124659578623e-06,0.0404403750852916,"51666"
